{
	"format_version": "1.8.0",
	"animations": {
		"idle": {
			"loop": true,
			"animation_length": 2,
			"bones": {
				"bone": {
					"rotation": {
						"0.0": [0, 0, 0],
						"0.0417": [-4.69004, -1.15932, 3.47402],
						"0.0833": [-18.66931, -4.61483, 13.82879],
						"0.1667": [-59.62977, -14.73977, 44.16915],
						"0.2083": [-73.60904, -18.19527, 54.52392],
						"0.25": [-78.29908, -19.3546, 57.99794],
						"0.2917": [-70.02891, -20.59377, 52.23195],
						"0.3333": [-45.29389, -24.26591, 34.98207],
						"0.375": [-8.82754, -29.58809, 9.53872],
						"0.4167": [28.08716, -34.7971, -16.24128],
						"0.4583": [54.0336, -38.16348, -34.40074],
						"0.5": [64.00946, -38.97214, -41.44742],
						"0.5417": [58.86013, -35.93725, -38.30822],
						"0.5833": [39.64398, -27.7969, -26.05639],
						"0.625": [10.17768, -16.01174, -7.1452],
						"0.6667": [-20.16058, -4.07226, 12.37219],
						"0.7083": [-41.73267, 4.48507, 26.26186],
						"0.75": [-50.19918, 8.10706, 31.70715],
						"0.7917": [-60.19852, 4.3374, 43.7794],
						"0.8333": [-86.34792, -9.17033, 77.43686],
						"0.875": [-123.41499, -29.64692, 125.95611],
						"0.9167": [-159.65493, -50.4541, 173.95002],
						"0.9583": [-183.56954, -64.85503, 206.18809],
						"1.0": [-190.42229, -69.88233, 216.26184],
						"1.0417": [-195.35601, -64.45743, 212.82282],
						"1.0833": [-213.08557, -47.61362, 204.29624],
						"1.125": [-239.00952, -22.40143, 191.2516],
						"1.1667": [-263.29836, 3.62113, 176.14848],
						"1.2083": [-276.61008, 22.65445, 162.06018],
						"1.25": [-275.32347, 31.16219, 150.79023],
						"1.2917": [-269.08651, 29.32808, 138.27123],
						"1.3333": [-266.94636, 17.45522, 120.0908],
						"1.375": [-266.71834, -2.01945, 97.99672],
						"1.4167": [-264.4374, -22.73297, 76.0068],
						"1.4583": [-256.75058, -37.95303, 58.1078],
						"1.5": [-242.70388, -44.50001, 45.98508],
						"1.5417": [-237.06265, -48.38997, 48.32327],
						"1.5833": [-253.76857, -55.61059, 73.80069],
						"1.625": [-285.44151, -64.3892, 116.09746],
						"1.6667": [-315.66905, -71.50627, 159.73916],
						"1.7083": [-328.46968, -74.23764, 188.85036],
						"1.75": [-317.32979, -71.80672, 196.30494],
						"1.7917": [-280.39454, -63.71745, 181.74514],
						"1.8333": [-217.08167, -49.49049, 145.65715],
						"1.875": [-137.88447, -31.51241, 94.90535],
						"1.9167": [-64.22421, -14.7043, 45.01876],
						"1.9583": [-15.87142, -3.63844, 11.2684],
						"2.0": [0, 0, 0]
					}
				}
			}
		}
	}
}